cf_cvg_mean,district,lit_area_km2,lit_threshold,main_band,mean_median_rad,mean_rad,median_band,min_cf_cvg,rad_max,rad_min,scale_m,source_dataset,total_light,valid_area_km2,year,lit_area_ratio,total_light_per_km2,rad_range,mean_minus_median_rad,log1p_mean_rad,log1p_total_light,log1p_lit_area_km2,log1p_valid_area_km2,log1p_rad_max,mean_rad_yoy_change,mean_rad_yoy_growth_rate,total_light_yoy_change,total_light_yoy_growth_rate,lit_area_km2_yoy_change,lit_area_km2_yoy_growth_rate,rad_max_yoy_change,rad_max_yoy_growth_rate,mean_rad_2013,mean_rad_change_vs_2013,mean_rad_growth_vs_2013,total_light_2013,total_light_change_vs_2013,total_light_growth_vs_2013,lit_area_km2_2013,lit_area_km2_change_vs_2013,lit_area_km2_growth_vs_2013,rad_max_2013,rad_max_change_vs_2013,rad_max_growth_vs_2013,z_mean_rad,minmax_mean_rad,z_total_light,minmax_total_light,z_lit_area_km2,minmax_lit_area_km2,z_valid_area_km2,minmax_valid_area_km2,z_mean_median_rad,minmax_mean_median_rad,z_cf_cvg_mean,minmax_cf_cvg_mean,z_rad_max,minmax_rad_max,z_lit_area_ratio,minmax_lit_area_ratio,z_total_light_per_km2,minmax_total_light_per_km2,z_rad_range,minmax_rad_range
89.67810238719615,同安区,389.4641619689347,0.5,average_masked,4.622602026611882,4.732281169422505,median_masked,0.0,69.9826431274414,0.0,500.0,NOAA/VIIRS/DNB/ANNUAL_V21,3165.472398145157,668.5294003575327,2013,0.5825684880285705,4.734978590997265,69.9826431274414,0.10967914281062274,1.7461135613488086,8.060373439084499,5.967336190340743,6.506575078069255,4.262435384161584,,,,,,,,,4.732281169422505,0.0,0.0,3165.472398145157,0.0,0.0,389.4641619689347,0.0,0.0,69.9826431274414,0.0,0.0,-1.2728360682272104,0.010286595277136962,-0.6824957052411068,0.21151691227371877,0.894120390152596,0.6314615929465606,1.786931368631782,1.0,-1.2631458451537405,0.00902553535314328,0.20588705278330044,0.4375820764295042,-0.7126797270749294,0.1100340332358696,-2.913763454215629,0.030643340373109895,-1.2728714298880381,0.01029354124524802,-0.7004740718152329,0.1100340332358696
87.94716906588322,同安区,380.6423408143389,0.5,average_masked,4.1781401363396,4.227337317688099,median_masked,0.0,51.75170516967773,0.0,500.0,NOAA/VIIRS/DNB/ANNUAL_V21,2827.6923018410725,668.5294003575327,2014,0.5693726268594463,4.229720189312256,51.75170516967773,0.049197181348499264,1.6539020313558828,7.947569799688402,5.944483889431387,6.506575078069255,3.9655960973252395,-0.5049438517344056,-0.10670199712499873,-337.7800963040845,-0.10670764227860918,-8.821821154595796,-0.022651175681986047,-18.23093795776368,-0.26050656481442624,4.732281169422505,-0.5049438517344056,-0.1067019971249987,3165.472398145157,-337.7800963040845,-0.10670764227860917,389.4641619689347,-8.821821154595796,-0.022651175681986012,69.9826431274414,-18.23093795776368,-0.2605065648144263,-1.311081038898022,0.0,-0.9193219661710555,0.15963871064096746,0.8375850675763331,0.6136307152397895,1.786931368631782,1.0,-1.2968564658489572,0.0,0.05190553680294965,0.4062816015407118,-1.03172853195305,0.025426619287341468,-3.0313626503217996,0.0,-1.3111436131132177,0.0,-1.023846579578515,0.025426619287341468
82.30038155895602,同安区,389.0898386550866,0.5,average_masked,4.348812845854596,4.441107256667926,median_masked,0.0,50.97771835327149,0.0,500.0,NOAA/VIIRS/DNB/ANNUAL_V21,2970.706321725838,668.5294003575327,2015,0.5820085675319582,4.443643495913702,50.97771835327149,0.0922944108133299,1.6939825799850936,7.99689158592344,5.966377068121795,6.506575078069255,3.950815133545663,0.21376993897982643,0.0505684602185319,143.01401988476528,0.05057623129350053,8.447497840747701,0.022192743515278,-0.7739868164062358,-0.014955774188861515,4.732281169422505,-0.29117391275457916,-0.06152929260332011,3165.472398145157,-194.76607641931923,-0.0615282813817756,389.4641619689347,-0.3743233138480946,-0.000961123898937721,69.9826431274414,-19.004924774169915,-0.2715662616452072,-1.2948898821614807,0.004354870025945715,-0.8190511806497573,0.18160362284589787,0.8917215102699323,0.6307050016356449,1.786931368631782,1.0,-1.2839116372834298,0.003465792247341337,-0.4504251364987979,0.3041707181307969,-1.0452736150057116,0.021834647052117045,-2.9187533672983044,0.029343096748258857,-1.2949394056045795,0.004358222193788716,-1.037575223621781,0.021834647052117045
65.47957506158238,同安区,390.0542338958341,0.5,average_masked,4.624464615370769,4.84909063403436,median_masked,0.0,46.272857666015625,0.0,500.0,NOAA/VIIRS/DNB/ANNUAL_V21,3243.6416592805963,668.5294003575327,2016,0.5834511297292703,4.851905776389013,46.272857666015625,0.22462601866359044,1.7662862019869874,8.084760194467501,5.968846255982576,6.506575078069255,3.8559362970928595,0.40798337736643386,0.09186523850642958,272.93533755475846,0.09187557031763283,0.9643952407474785,0.002478592718023531,-4.7048606872558665,-0.09229249246997595,4.732281169422505,0.11680946461185471,0.024683542762973514,3165.472398145157,78.16926113543923,0.024694342993242763,389.4641619689347,0.5900719268993839,0.0015150865843888623,69.9826431274414,-23.70978546142578,-0.3387952269571934,-1.2639887983123301,0.012666209729068567,-0.6276892378473115,0.22352259506864808,0.8979019116939928,0.6326542605581976,1.786931368631782,1.0,-1.2630045753969037,0.009063358305031022,-1.9467816122717136,0.0,-1.1276105843303097,0.0,-2.9058975064671833,0.03269300501533334,-1.2640144595766223,0.012675678388354983,-1.121028011549618,0.0
89.64536759851194,同安区,461.0425814932602,0.5,average_masked,6.260892782549762,6.490244658487959,median_masked,0.0,83.98681640625,0.0,500.0,NOAA/VIIRS/DNB/ANNUAL_V21,4341.358914540262,668.5294003575327,2017,0.6896369572477925,6.493893779717815,83.98681640625,0.22935187593819695,2.0136014616802895,8.376173008132143,6.135657054568884,6.506575078069255,4.442496143357955,1.6411540244535994,0.33844573102734277,1097.7172552596658,0.33842124703230225,70.98834759742607,0.18199609548754148,37.713958740234375,0.8150341397205905,4.732281169422505,1.757963489065454,0.3714833134650754,3165.472398145157,1175.886516395105,0.3714726803759617,389.4641619689347,71.57841952432545,0.18378692191461468,69.9826431274414,14.004173278808594,0.20010923641889877,-1.1396860915541,0.04609940666574178,0.1419483931615858,0.3921162976793685,1.3528362229031445,0.7761376210155829,1.786931368631782,1.0,-1.1388881765647223,0.04229374452938295,0.20297500971103025,0.43699013310125223,-0.4676010175613972,0.17502558157814793,-1.9595880694397019,0.27927702206030647,-1.1396375753776253,0.04612761343802589,-0.4520740913637947,0.17502558157814793
82.23307047571573,同安区,507.5399433908692,0.5,average_masked,7.6207251415379025,7.732209174249133,median_masked,0.0,76.0574722290039,0.0,500.0,NOAA/VIIRS/DNB/ANNUAL_V21,5171.965757748333,668.5294003575327,2018,0.7591886656285189,7.73633254570755,76.0574722290039,0.11148403271123009,2.1670183933079215,8.551201450563152,6.23154376381142,6.506575078069255,4.344551536025733,1.2419645157611736,0.19135865920507777,830.606843208071,0.19132415899228405,46.49736189760904,0.10085264087106616,-7.929344177246094,-0.09441177218685504,4.732281169422505,2.9999280048266277,0.6339285214518896,3165.472398145157,2006.493359603176,0.6338685375297862,389.4641619689347,118.0757814219345,0.3031749592183342,69.9826431274414,6.0748291015625,0.08680479659077715,-1.0456184119173966,0.0714004104868961,0.7243080855536121,0.5196856534850449,1.6508181597118614,0.8701192104351123,1.786931368631782,1.0,-1.0357504411002747,0.06990739442606361,-0.4564130405457064,0.30295353151548476,-0.6063677551301744,0.13822652567115792,-1.3397554652196697,0.440789533151944,-1.0455256438601173,0.07143960160043837,-0.5927213755273781,0.13822652567115792
75.64051790198255,同安区,532.7470010165425,0.5,average_masked,7.622572264934382,7.774227759867331,median_masked,0.0,56.45867156982422,0.0,500.0,NOAA/VIIRS/DNB/ANNUAL_V21,5200.034436011938,668.5294003575327,2019,0.7968938998518642,7.778318250821781,56.45867156982422,0.15165549493294872,2.171818760905776,8.556612814787865,6.27992194582268,6.506575078069255,4.0510659340674655,0.042018585618198045,0.00543422774413993,28.068678263604852,0.005427081225654717,25.207057625673315,0.04966517010910554,-19.598800659179688,-0.2576840918426664,4.732281169422505,3.0419465904448257,0.642807661155105,3165.472398145157,2034.5620378667809,0.642735674795002,389.4641619689347,143.2828390476078,0.36789736524983946,69.9826431274414,-13.523971557617188,-0.19324751042897098,-1.0424358806932275,0.0722564030549559,0.7439877534652198,0.5239966018400753,1.81235953638367,0.9210683233217138,1.786931368631782,1.0,-1.0356103443280682,0.06994490332813466,-1.0428777107813056,0.18374037422837408,-0.9493547117992337,0.04727103867934615,-1.0037330429744853,0.5283483753787213,-1.042345321487226,0.07229496904383535,-0.9403564414243951,0.04727103867934615
74.65788294439422,同安区,544.4848811821054,0.5,average_masked,7.19271195355407,7.338482173597225,median_masked,0.0,59.03193283081055,0.0,500.0,NOAA/VIIRS/DNB/ANNUAL_V21,4908.45408627207,668.5294003575327,2020,0.8144516619477202,7.3421663783926405,59.03193283081055,0.14577022004315587,2.120881206234341,8.498918030548518,6.3016750893658635,6.506575078069255,4.094876634493384,-0.4357455862701052,-0.0560500154780057,-291.5803497398683,-0.05607277284946022,11.737880165562842,0.022032747520240648,2.573261260986328,0.04557778618301178,4.732281169422505,2.6062010041747206,0.5507282663199751,3165.472398145157,1742.9816881269126,0.5506229304505171,389.4641619689347,155.02071921317065,0.3980359025319915,69.9826431274414,-10.95071029663086,-0.15647751795669027,-1.0754397030184106,0.06337949827759662,0.5395533159565798,0.47921402186728923,1.8875826484704417,0.9447932098390344,1.786931368631782,1.0,-1.0682134948478847,0.06121587723570765,-1.1302916039461623,0.16597138195343564,-0.904321596560792,0.05921320979585018,-0.8472613522350243,0.5691208928520246,-1.0753828411404265,0.06340932305938639,-0.8947130439742439,0.05921320979585018
88.52150544762247,同安区,563.5918405914181,0.5,average_masked,8.376445529634754,8.587027177641462,median_masked,0.0,72.56430053710938,0.0,500.0,NOAA/VIIRS/DNB/ANNUAL_V21,5743.46617853893,668.5294003575327,2021,0.8430322440419321,8.591194606351339,72.56430053710938,0.2105816480067073,2.2604108489340105,8.655992266651216,6.336103064052579,6.506575078069255,4.298159861011313,1.248545004044236,0.17013668147022498,835.0120922668602,0.17011712396418588,19.106959409312708,0.035091808918239265,13.532367706298828,0.22923809296713182,4.732281169422505,3.8547460082189566,0.8145640274137311,3165.472398145157,2577.993780393773,0.8144104437316769,389.4641619689347,174.12767862248336,0.44709551128448244,69.9826431274414,2.5816574096679688,0.03688996720181974,-0.9808736103789129,0.0888145582308561,1.125001641084737,0.6074599610519597,2.010031074337056,0.9834126570716737,1.786931368631782,1.0,-0.9784321334740164,0.08525354947139452,0.10299773408978667,0.4166673288665419,-0.6674996758308547,0.12201516978732416,-0.5925562264801428,0.6354905290546062,-0.9807717727555443,0.08885555718057027,-0.6546817471041242,0.12201516978732416
113.47415395466363,同安区,571.7984233042857,0.5,average_masked,8.126107647764876,8.279584723880976,median_masked,0.0,71.104248046875,0.0,500.0,NOAA/VIIRS/DNB/ANNUAL_V22,5537.764762510354,668.5294003575327,2022,0.8553078189208809,8.283502205809842,71.104248046875,0.15347707611610062,2.2278167962150253,8.619526787824586,6.350533863031415,6.506575078069255,4.278112961374606,-0.3074424537604852,-0.03580313039662797,-205.7014160285762,-0.035814856331391254,8.206582712867657,0.014561216330342797,-1.460052490234375,-0.020120809811812412,4.732281169422505,3.5473035544584715,0.7495969549272069,3165.472398145157,2372.2923643651966,0.7494275943632511,389.4641619689347,182.33426133535102,0.4681669820749637,69.9826431274414,1.1216049194335938,0.01602690137597551,-1.0041596204702226,0.0825514141565572,0.9807791195120399,0.575867159541044,2.0626235938168977,1.0,1.786931368631782,1.0,-0.9974192402790332,0.08017002385874089,2.3227520120446696,0.8678861819481185,-0.6930511862988187,0.11523925591421305,-0.48315846008932706,0.6639967867720926,-1.0040787774312647,0.08258699359951811,-0.6805795279164413,0.11523925591421305
78.21619199389085,同安区,562.3959670441757,0.5,average_masked,8.673955740597787,9.08833830998291,median_masked,0.0,67.31407165527344,0.0,500.0,NOAA/VIIRS/DNB/ANNUAL_V22,6078.734216156456,668.5294003575327,2023,0.8412434318421952,9.092695419087805,67.31407165527344,0.41438256938512374,2.311380133982828,8.712716259556757,6.333982697170602,6.506575078069255,4.2241157725196565,0.8087535861019344,0.0976804529542683,540.969453646102,0.09768732996900953,-9.402456260110057,-0.016443655450771533,-3.7901763916015625,-0.053304500022318124,4.732281169422505,4.356057140560406,0.920498377971905,3165.472398145157,2913.2618180112986,0.9203245050307044,389.4641619689347,172.93180507524096,0.444024950077524,69.9826431274414,-2.6685714721679688,-0.038131904611096,-0.9429037856399936,0.09902714861809808,1.3600666334482907,0.6589523463252496,2.0023672262983157,0.9809955286125989,1.786931368631782,1.0,-0.9558671979998306,0.09129498741182851,-0.8137491843037389,0.23031630020011384,-0.7593808096467378,0.09764953981484956,-0.608497806493593,0.6313365613523416,-0.9427842184098527,0.09907254572190376,-0.7478080406488564,0.09764953981484956
94.96895955581124,同安区,563.1573816780606,0.5,average_masked,9.176139164555066,9.123072318145384,median_masked,0.0,67.21161651611328,0.0,500.0,NOAA/VIIRS/DNB/ANNUAL_V22,6102.005704046766,668.5294003575327,2024,0.8423823714811665,9.127505388369434,67.21161651611328,-0.05306684640968129,2.314817206535124,8.716536667174038,6.335333258100573,6.506575078069255,4.222614880493173,0.03473400816247363,0.003821821655155766,23.27148789031071,0.0038283443662430194,0.7614146338848968,0.0013538764118219415,-0.10245513916015625,-0.0015220463811020934,4.732281169422505,4.3907911487228795,0.9278381802615294,3165.472398145157,2936.5333059016093,0.927676168530897,389.4641619689347,173.69321970912586,0.4459799813955163,69.9826431274414,-2.771026611328125,-0.039595912464780246,-0.9402729958622971,0.09973474151796782,1.3763828685481154,0.6625265147095845,2.0072468108179526,0.9825345182365128,1.786931368631782,1.0,-0.9177786345144928,0.10149265417671652,0.6765546386617117,0.5332566699608192,-0.7611738161162019,0.09717405882806987,-0.598347776553155,0.6339813993492043,-0.9401474418258982,0.09978172315141566,-0.7496253456805675,0.09717405882806987
91.8100772745457,思明区,84.39078012328453,0.5,average_masked,23.857364132656183,23.81126701551697,median_masked,0.0,67.19600677490234,1.6587826013565063,500.0,NOAA/VIIRS/DNB/ANNUAL_V21,2009.3270571327523,84.39078012328453,2013,1.0,23.80979360775399,65.53722417354584,-0.04609711713921172,3.2112978651428725,7.606052702807892,4.447238133880646,4.447238133880646,4.222386011447551,,,,,,,,,23.81126701551697,0.0,0.0,2009.3270571327523,0.0,0.0,84.39078012328453,0.0,0.0,67.19600677490234,0.0,0.0,0.1722260938456517,0.3989591279218704,-1.4930987608961581,0.03394948963963884,-1.0609659519787098,0.01483991495584619,-1.0097214096213512,0.012412989509867661,0.1957323707544021,0.3996192604778146,0.3955446907431005,0.4761345877269376,-0.761446992915407,0.0971016160475984,0.8063128339529565,1.0,0.1720027431550904,0.3989014188493687,-0.7793249942696897,0.08940342155378081
91.93261112163896,思明区,84.39078012328453,0.5,average_masked,21.28516967280461,21.19175976428219,median_masked,0.0,57.41635894775391,1.650587558746338,500.0,NOAA/VIIRS/DNB/ANNUAL_V21,1788.2811935708169,84.39078012328453,2014,1.0,21.190480653909805,55.765771389007575,-0.09340990852242115,3.0997210381841316,7.489569250347312,4.447238133880646,4.447238133880646,4.067595969576577,-2.619507251234783,-0.11001125011649915,-221.04586356193545,-0.11000989748147871,0.0,0.0,-9.77964782714843,-0.1455391219884382,23.81126701551697,-2.619507251234783,-0.1100112501164991,2009.3270571327523,-221.04586356193545,-0.11000989748147874,84.39078012328453,0.0,0.0,67.19600677490234,-9.77964782714843,-0.14553912198843819,-0.026178100306510153,0.34559515324147183,-1.648079666918156,0.0,-1.0609659519787098,0.01483991495584619,-1.0097214096213512,0.012412989509867661,0.0006419171335649586,0.34738658869952643,0.40644513809251764,0.4783503678247292,-0.9325947944497694,0.05171554134868209,0.8063128339529565,1.0,-0.026404299576496596,0.34553861313512285,-0.9526468057281632,0.04405537898267112
91.31926810266776,思明区,84.39078012328453,0.5,average_masked,24.173485982382413,24.44849392617667,median_masked,0.0,72.23113250732422,1.9788908958435056,500.0,NOAA/VIIRS/DNB/ANNUAL_V21,2063.116798962544,84.39078012328453,2015,1.0,24.4471824522606,70.25224161148071,0.2750079437942574,3.2366565634920867,7.63245771364502,4.447238133880646,4.447238133880646,4.293620638026783,3.2567341618944816,0.15367926958966227,274.8356053917273,0.15368701878642432,0.0,0.0,14.814773559570305,0.25802356386010183,23.81126701551697,0.6372269106596988,0.026761570908613988,2009.3270571327523,53.789741829791865,0.026770028124016885,84.39078012328453,0.0,0.0,67.19600677490234,5.035125732421875,0.07493191893513663,0.22049032050198694,0.41194056201031715,-1.4553853977545097,0.0422108262398494,-1.0609659519787098,0.01483991495584619,-1.0097214096213512,0.012412989509867661,0.2197089230816733,0.406038638591104,0.3518829624649129,0.4672592833056779,-0.6733302514146681,0.12046898025633271,0.8063128339529565,1.0,0.22028350911818761,0.4118868305482325,-0.6956920502826631,0.11128520476592771
69.63491461899645,思明区,84.39078012328453,0.5,average_masked,21.315214976129013,21.819549755534247,median_masked,0.0,58.10186767578125,1.96229100227356,500.0,NOAA/VIIRS/DNB/ANNUAL_V21,1841.2824788134733,84.39078012328453,2016,1.0,21.818526575102002,56.13957667350769,0.5043347794052337,3.127617613982241,7.518760559462376,4.447238133880646,4.447238133880646,4.079262525871795,-2.6289441706424235,-0.10752990260179784,-221.8343201490709,-0.10752387856112755,0.0,0.0,-14.129264831542969,-0.19561184133600928,23.81126701551697,-1.9917172599827246,-0.08364600080645822,2009.3270571327523,-168.04457831927903,-0.08363226769019547,84.39078012328453,0.0,0.0,67.19600677490234,-9.094139099121094,-0.1353374930386153,0.021371364293156097,0.35838434066669866,-1.6109191108467882,0.008140240922124009,-1.0609659519787098,0.01483991495584619,-1.0097214096213512,0.012412989509867661,0.0029207307871297493,0.34799670838196795,-1.5771281561938055,0.07514102355634922,-0.9205981138117607,0.05489689827348246,0.8063128339529565,1.0,0.021168761038692398,0.35833368308772895,-0.9460164089518693,0.04579016073197659
93.58662329185356,思明区,84.39078012328453,0.5,average_masked,28.5300327296924,30.225582826208576,median_masked,0.0,133.554931640625,2.4114174842834477,500.0,NOAA/VIIRS/DNB/ANNUAL_V21,2550.6264324398526,84.39078012328453,2017,1.0,30.2239940040097,131.14351415634155,1.6955500965161754,3.4412377212084166,7.844486251476965,4.447238133880646,4.447238133880646,4.9019725293486704,8.40603307067433,0.38525236152236597,709.3439536263793,0.3852445031049674,0.0,0.0,75.45306396484375,1.298634054001246,23.81126701551697,6.414315810691605,0.2693815413733179,2009.3270571327523,541.2993753071003,0.26939336400492103,84.39078012328453,0.0,0.0,67.19600677490234,66.35892486572266,0.9875426837195281,0.6580530213557199,0.5296300341972687,-1.1135799304488725,0.1170853476819782,-1.0609659519787098,0.01483991495584619,-1.0097214096213512,0.012412989509867661,0.5501352164351441,0.4945055410321203,0.5535838512270079,0.5082598771987183,0.39986109339672865,0.4050647629959728,0.8063128339529565,1.0,0.6578639420779339,0.5295768041847835,0.38437105724076964,0.3938736878155209
90.53104668056343,思明区,84.39078012328453,0.5,average_masked,27.74339461998537,27.63298474416789,median_masked,0.0,79.08509826660156,2.4329097270965576,500.0,NOAA/VIIRS/DNB/ANNUAL_V21,2331.8365168849773,84.39078012328453,2018,1.0,27.63141321218327,76.652188539505,-0.1104098758174814,3.3545593660047297,7.754840195363365,4.447238133880646,4.447238133880646,4.383089797648308,-2.5925980820406878,-0.08577495749040276,-218.78991555487528,-0.0857788944598945,0.0,0.0,-54.46983337402344,-0.40784591557122774,23.81126701551697,3.821717728650917,0.16050039362291965,2009.3270571327523,322.509459752225,0.1605062046058525,84.39078012328453,0.0,0.0,67.19600677490234,11.889091491699219,0.17693151814104205,0.4616869555678685,0.47681424667033856,-1.2669791336493892,0.08348233945691602,-1.0609659519787098,0.01483991495584619,-1.0097214096213512,0.012412989509867661,0.49047192578835597,0.47853155040506967,0.2817638377075532,0.45300587185094265,-0.5533830721066629,0.152277344671136,0.8063128339529565,1.0,0.4614818002670175,0.4767586081423149,-0.58217255433233,0.140986526784709
79.65866548754552,思明区,84.39078012328453,0.5,average_masked,25.97772593333621,26.821560545762136,median_masked,0.0,79.7435302734375,3.004223346710205,500.0,NOAA/VIIRS/DNB/ANNUAL_V21,2263.377769848276,84.39078012328453,2019,1.0,26.82020200004977,76.7393069267273,0.8438346124259262,3.325811279306039,7.7250552848772,4.447238133880646,4.447238133880646,4.391277838440165,-0.8114241984057529,-0.029364334179535545,-68.45874703670142,-0.029358296150260643,0.0,0.0,0.6584320068359375,0.00832561406974941,23.81126701551697,3.010293530245164,0.12642307224909372,2009.3270571327523,254.05071271552356,0.1264357197668189,84.39078012328453,0.0,0.0,67.19600677490234,12.547523498535156,0.1867301957476087,0.40022884579383755,0.4602841071342193,-1.3149773113574554,0.0729680530286882,-1.0609659519787098,0.01483991495584619,-1.0097214096213512,0.012412989509867661,0.3565531609363511,0.4426767212238154,-0.6854286692500778,0.2564005547522419,-0.541860245066102,0.15533304205151158,0.8063128339529565,1.0,0.40003438238825706,0.4602319436814049,-0.5806272859860917,0.1413908318987586
74.28475775377426,思明区,84.39078012328453,0.5,average_masked,26.35085114989868,27.54663406885916,median_masked,0.0,80.21630859375,2.456089496612549,500.0,NOAA/VIIRS/DNB/ANNUAL_V21,2324.554851790258,84.39078012328453,2020,1.0,27.54512813359907,77.76021909713745,1.1957829189604787,3.3515390331397996,7.75171393548134,4.447238133880646,4.447238133880646,4.3971160717516415,0.7250735230970236,0.027033234023051245,61.177081941982124,0.027029107892176274,0.0,0.0,0.4727783203125,0.005928735769426874,23.81126701551697,3.7353670533421877,0.15687393077016773,2009.3270571327523,315.2277946575057,0.15688227236999736,84.39078012328453,0.0,0.0,67.19600677490234,13.020301818847656,0.19376600550779646,0.45514666592329983,0.47505513138305,-1.272084495204423,0.08236397963009562,-1.0609659519787098,0.01483991495584619,-1.0097214096213512,0.012412989509867661,0.38485318602883417,0.4502536471806635,-1.163484322460899,0.15922415748466334,-0.5335864328016181,0.15752714479845967,0.8063128339529565,1.0,0.45494590036676774,0.4750007372938661,-0.5625187866035354,0.1461287526139239
87.97099572568585,思明区,84.39078012328453,0.5,average_masked,29.138566777778088,29.05577284186401,median_masked,0.0,90.95960235595705,2.851361036300659,500.0,NOAA/VIIRS/DNB/ANNUAL_V21,2451.8971325256207,84.39078012328453,2021,1.0,29.054087768162603,88.10824131965639,-0.08279393591407924,3.40305475041319,7.805025108004379,4.447238133880646,4.447238133880646,4.521349375787731,1.5091387730048496,0.05478487023976908,127.34228073536269,0.05478136196153427,0.0,0.0,10.743293762207045,0.13392904697990682,23.81126701551697,5.244505826347037,0.22025311895118288,2009.3270571327523,442.5700753928684,0.2202578588795804,84.39078012328453,0.0,0.0,67.19600677490234,23.7635955810547,0.3536459489424658,0.5694504007118442,0.5057989452182194,-1.1828015666517049,0.10192193638553537,-1.0609659519787098,0.01483991495584619,-1.0097214096213512,0.012412989509867661,0.5962900407836933,0.5068628334902523,0.05402512462992341,0.40671245913508214,-0.34557443675250316,0.2073853750560317,0.8063128339529565,1.0,0.569246185964827,0.5057425086013672,-0.3789700353413378,0.19415257902140645
108.46463689385804,思明区,84.39078012328453,0.5,average_masked,28.030040874239837,28.233969778167,median_masked,0.0,117.46884155273438,2.701725721359253,500.0,NOAA/VIIRS/DNB/ANNUAL_V22,2382.5491450093614,84.39078012328453,2022,1.0,28.232339380306126,114.76711583137512,0.20392890392716367,3.3753313816760144,7.776345893274086,4.447238133880646,4.447238133880646,4.774649985517022,-0.8218030636970077,-0.02828364153896956,-69.34798751625931,-0.02828340006451502,0.0,0.0,26.50923919677733,0.2914396997145756,23.81126701551697,4.4227027626500295,0.1857399171479581,2009.3270571327523,373.22208787660907,0.18574481767502074,84.39078012328453,0.0,0.0,67.19600677490234,50.27283477783203,0.7481521178221099,0.5072061849236557,0.48905736992281656,-1.231423213593588,0.0912710753118407,-1.0609659519787098,0.01483991495584619,-1.0097214096213512,0.012412989509867661,0.5122128744779215,0.4843523776981249,1.8771120663261474,0.7772990628280199,0.11834799573859593,0.3304113092881842,0.8063128339529565,1.0,0.5070006008144274,0.48900117209828803,0.09389357293669769,0.31787295130506776
75.7802728823195,思明区,84.39078012328453,0.5,average_masked,29.920716968305697,30.581962271714403,median_masked,0.0,93.93108367919922,3.215890407562256,500.0,NOAA/VIIRS/DNB/ANNUAL_V22,2580.693134744003,84.39078012328453,2023,1.0,30.580273472693683,90.71519327163696,0.6612453034087054,3.4525861434301732,7.8562007164520615,4.447238133880646,4.447238133880646,4.553151193389482,2.3479924935474017,0.08316196808296783,198.14398973464176,0.08316470203759985,0.0,0.0,-23.537757873535156,-0.20037447856305401,23.81126701551697,6.770695256197431,0.28434838229251747,2009.3270571327523,571.3660776112508,0.28435693212959195,84.39078012328453,0.0,0.0,67.19600677490234,26.735076904296875,0.39786704876460616,0.6850455699217327,0.5368901109531634,-1.092499396802581,0.12170316401169595,-1.0609659519787098,0.01483991495584619,-1.0097214096213512,0.012412989509867661,0.6556129410742338,0.5227456894798852,-1.0304452944235434,0.18626756415461698,-0.2935723089906485,0.22117563373270102,0.8063128339529565,1.0,0.6848513074722926,0.5368352236262081,-0.33272904695755895,0.20625110425670382
92.28163097719664,思明区,84.39078012328453,0.5,average_masked,29.760957565084333,29.48968810748812,median_masked,0.0,100.70793914794922,3.148426055908203,500.0,NOAA/VIIRS/DNB/ANNUAL_V22,2488.534605366196,84.39078012328453,2024,1.0,29.488228473901458,97.55951309204102,-0.2712694575962118,3.417388531609966,7.819851066514325,4.447238133880646,4.447238133880646,4.6221053643925964,-1.092274164226282,-0.035716287742482034,-92.1585293778071,-0.035710766280993345,0.0,0.0,6.77685546875,0.07214710193161245,23.81126701551697,5.678421091971149,0.23847622590896655,2009.3270571327523,479.20754823344373,0.2384915619049385,84.39078012328453,0.0,0.0,67.19600677490234,33.511932373046875,0.49871910521866836,0.6023155926542951,0.5146385631415096,-1.157114097799352,0.10754892928456855,-1.0609659519787098,0.01483991495584619,-1.0097214096213512,0.012412989509867661,0.6434958422579768,0.5195015100050416,0.4374934782014544,0.48466169541318127,-0.17497459102651666,0.25262613930966205,0.8063128339529565,1.0,0.6021313642817723,0.5145871814378022,-0.21132745646421452,0.2380147031226875
88.68155316121161,海沧区,213.69372540968124,0.5,average_masked,17.731719173155174,17.638275056372915,median_masked,0.0,142.82211303710938,0.0,500.0,NOAA/VIIRS/DNB/ANNUAL_V21,3853.240866998062,218.4220196061273,2013,0.978352483852258,17.64126562855922,142.82211303710938,-0.09344411678225839,2.925217265081208,8.25692934494513,5.369212479537704,5.390996905640702,4.968577209800526,,,,,,,,,17.638275056372915,0.0,0.0,3853.240866998062,0.0,0.0,213.69372540968124,0.0,0.0,142.82211303710938,0.0,0.0,-0.2953227150322127,0.27320441338355883,-0.20028364879916605,0.3171483325208099,-0.2323180352139251,0.27619014685506454,-0.36802639873149184,0.23901589938092932,-0.2688728029688188,0.2752278866551664,0.11723536488942442,0.4195614723777463,0.5620405246463416,0.44807254758527615,0.6133939737101456,0.949730283075441,-0.2952493248205532,0.2732310747946195,0.5915210028982341,0.44807254758527615
89.23515755234801,海沧区,216.0082884531249,0.5,average_masked,15.88701081126292,16.23309175155759,median_masked,0.0,176.4088134765625,0.0,500.0,NOAA/VIIRS/DNB/ANNUAL_V21,3546.250834534665,218.4220196061273,2014,0.9889492315959948,16.235775316653026,176.4088134765625,0.3460809402946712,2.8468314744631575,8.173928169649828,5.379935548447545,5.390996905640702,5.178456750019994,-1.4051833048153242,-0.07966670778884444,-306.9900324633968,-0.07967060535786408,2.3145630434436555,0.010831216681754796,33.586700439453125,0.23516456748351233,17.638275056372915,-1.4051833048153242,-0.07966670778884441,3853.240866998062,-306.9900324633968,-0.07967060535786413,213.69372540968124,2.3145630434436555,0.010831216681754737,142.82211303710938,33.586700439453125,0.23516456748351228,-0.4017527549172094,0.24457835546211706,-0.4155222088166845,0.26999904522519724,-0.21748497909194578,0.2808683975075112,-0.36802639873149184,0.23901589938092932,-0.40878640465680244,0.23776802586418175,0.1664832719872572,0.42957230302600413,1.1498213980074745,0.6039440597274084,0.7078303276571786,0.9743379796704232,-0.4017120428260294,0.24459726594125913,1.187267396954438,0.6039440597274084
88.584496848953,海沧区,213.04150026617637,0.5,average_masked,16.687689963576272,16.78678496489803,median_masked,0.0,147.107666015625,0.0,500.0,NOAA/VIIRS/DNB/ANNUAL_V21,3667.1951053929793,218.4220196061273,2015,0.975366406053504,16.78949362342635,147.107666015625,0.09909500132175708,2.8784557638671804,8.207455023181213,5.366169922698003,5.390996905640702,4.997939482362383,0.5536932133404378,0.03410891910269087,120.94427085831421,0.03410482690071315,-2.96678818694852,-0.01373460346449773,-29.3011474609375,-0.16609797936671922,17.638275056372915,-0.8514900914748864,-0.04827513397730086,3853.240866998062,-186.0457616050826,-0.048282930661955985,213.69372540968124,-0.6522251435048645,-0.003052149248904975,142.82211303710938,4.285552978515625,0.030006228639133162,-0.35981545707291174,0.25585806106456566,-0.3307250885550808,0.2885743589827766,-0.2364978704468336,0.2748718536628411,-0.36802639873149184,0.23901589938092932,-0.34805815822454284,0.2540271431336103,0.10860136500449061,0.4178064026548147,0.637039439085355,0.4679612420502369,0.5867825730487316,0.9427960332227747,-0.35976913119647386,0.2558780723761681,0.6675362916905939,0.4679612420502369
66.95129091278714,海沧区,216.58231315098024,0.5,average_masked,15.150427781417855,16.0372706499219,median_masked,0.0,124.3577651977539,0.0,500.0,NOAA/VIIRS/DNB/ANNUAL_V21,3503.3686966691457,218.4220196061273,2016,0.9915772848430551,16.039448325707486,124.3577651977539,0.8868428685040453,2.8354033354454353,8.161765668173025,5.382577230202995,5.390996905640702,4.831171770812872,-0.7495143149761283,-0.044649068689650684,-163.82640872383354,-0.04467349132390319,3.54081288480387,0.01662029642290319,-22.749900817871094,-0.1546479625028836,17.638275056372915,-1.6010044064510147,-0.090768762893997,3853.240866998062,-349.8721703289161,-0.09079945490183967,213.69372540968124,2.8885877412990055,0.01351741954875452,142.82211303710938,-18.46434783935547,-0.129282135985188,-0.4165844481105395,0.24058913485406228,-0.44558797196405175,0.2634129609088848,-0.21380629745792878,0.28202863007273304,-0.36802639873149184,0.23901589938092932,-0.4646532217520295,0.22281048659727323,-1.8158597361540767,0.02661304423276767,0.23890695221862315,0.36238190870793385,0.7312510764220743,0.9804408273084957,-0.41658336915025784,0.24059753041560777,0.26400837141109673,0.36238190870793385
92.12880260215488,海沧区,215.66903136642145,0.5,average_masked,21.217791533960163,21.7144933708496,median_masked,0.0,160.09844970703125,0.0,500.0,NOAA/VIIRS/DNB/ANNUAL_V21,4743.592732337678,218.4220196061273,2017,0.9873960132560343,21.7175573272861,160.09844970703125,0.4967018368894358,3.123003195236005,8.464760876451532,5.378370988160884,5.390996905640702,5.082015666964876,5.677222720927698,0.3540018027291536,1240.2240356685325,0.3540089962120416,-0.9132817845587908,-0.00421678839454509,35.740684509277344,0.28740211318885045,17.638275056372915,4.076218314476684,0.2311007341391866,3853.240866998062,890.3518653396163,0.23106571742380105,213.69372540968124,1.9753059567402147,0.009243631056332012,142.82211303710938,17.276336669921875,0.12096401812395098,0.013414284833241705,0.35624415714566315,0.4239648060019194,0.45389367098090305,-0.21965913434820716,0.2801826829007247,-0.36802639873149184,0.23901589938092932,-0.004468439752923858,0.3460183639147265,0.42389807011496927,0.4818980992327917,0.8643834200026022,0.5282497810075283,0.693988318726068,0.9707311064504673,0.013520568471025184,0.3562766542220465,0.8979612050896021,0.5282497810075283
82.6525797926408,海沧区,214.9016375550244,0.5,average_masked,21.184592063786617,22.03176727398791,median_masked,0.0,162.46051025390625,0.0,500.0,NOAA/VIIRS/DNB/ANNUAL_V21,4812.772322371683,218.4220196061273,2018,0.9838826595530474,22.03428175900207,162.46051025390625,0.8471752102012928,3.136874448794944,8.479236322328791,5.374822922276733,5.390996905640702,5.0965714336658,0.31727390313831094,0.01461115844241756,69.17959003400483,0.014583796277955807,-0.7673938113970564,-0.0035582012240471528,2.362060546875,0.014753800247269133,17.638275056372915,4.393492217614995,0.24908854202427094,3853.240866998062,959.5314553736212,0.24901932905148538,213.69372540968124,1.2079121453431583,0.005652539132945617,142.82211303710938,19.638397216796875,0.13750249733172792,0.03744493909006615,0.3627075851532944,0.4724683851638808,0.4645186686048728,-0.2245770368889721,0.27863160801900083,-0.36802639873149184,0.23901589938092932,-0.006986484091026624,0.3453441936465548,-0.4190940521175418,0.310539520344949,0.9057204371257009,0.5392117970554099,0.6626779278533124,0.9625724200266017,0.037511729116942415,0.36272922579804295,0.9398584154416565,0.5392117970554099
78.26874974588333,海沧区,216.326855348468,0.5,average_masked,21.519065239910766,21.997670232935576,median_masked,0.0,154.22657775878906,0.0,500.0,NOAA/VIIRS/DNB/ANNUAL_V21,4805.293116655967,218.4220196061273,2019,0.9904077241780045,22.000039763944965,154.22657775878906,0.47860499302480974,3.1353929165783514,8.477681404169443,5.381402466135487,5.390996905640702,5.044885841533583,-0.03409704105233402,-0.0015476307746129514,-7.47920571571558,-0.0015540327309789825,1.4252177934436077,0.006631954086802505,-8.233932495117188,-0.050682670405556074,17.638275056372915,4.359395176562661,0.24715541415641776,3853.240866998062,952.0522496579056,0.24707831213251388,213.69372540968124,2.633129938786766,0.012321980599751732,142.82211303710938,11.404464721679688,0.07985083317396707,0.034862393861465384,0.36201296839491914,0.4672245228293037,0.46336996935817887,-0.21544341852585353,0.2815122926004569,-0.36802639873149184,0.23901589938092932,0.018381941458660532,0.3521362258586692,-0.8090737168962578,0.23126670226135815,0.7616232805175004,0.5009991863464833,0.7208281572776108,0.9777248813700825,0.03491797529820192,0.3620316196082905,0.793808475177023,0.5009991863464833
74.55487294165482,海沧区,214.8945704467523,0.5,average_masked,22.080071040982517,21.868438714832585,median_masked,0.0,230.65538024902344,0.0,500.0,NOAA/VIIRS/DNB/ANNUAL_V21,4777.138720678221,218.4220196061273,2020,0.9838503042608254,21.871140690360185,230.65538024902344,-0.21163232614993177,3.129757737878913,8.471806360674476,5.374790188741136,5.390996905640702,5.445250837360366,-0.1292315181029906,-0.005874782044395843,-28.15439597774639,-0.0058590382093776094,-1.4322849017156898,-0.006620929701069755,76.42880249023438,0.495561813021419,17.638275056372915,4.23016365845967,0.2398286479227606,3853.240866998062,923.8978536801592,0.2397716326516434,213.69372540968124,1.2008450370710761,0.005619467931353088,142.82211303710938,87.83326721191406,0.6149836698543482,0.025074264740540766,0.3593802948427819,0.44748475603692195,0.45904585598571135,-0.22462232699844517,0.2786173238092972,-0.36802639873149184,0.23901589938092932,0.060931942216116704,0.36352837848572506,-1.1394552361829726,0.16410865161926336,2.0991583074737528,0.855695326767926,0.6623895831741495,0.9624972847838369,0.025154161484635472,0.3594055812762325,2.149469581800819,0.855695326767926
85.37810124008946,海沧区,215.82010183241408,0.5,average_masked,24.45278517173204,24.857784876062453,median_masked,0.0,226.64183044433597,0.0,500.0,NOAA/VIIRS/DNB/ANNUAL_V21,5430.195424586692,218.4220196061273,2021,0.9880876581106376,24.861025616276102,226.64183044433597,0.40499970433041454,3.252611711363245,8.599914540555703,5.379067985896415,5.390996905640702,5.42777347466348,2.989346161229868,0.13669682596967014,653.0567039084708,0.1367045719400326,0.9255313856617704,0.004306909121704061,-4.013549804687472,-0.017400633795553788,17.638275056372915,7.219509819689538,0.4093092888400697,3853.240866998062,1576.95455758863,0.40925408299668153,213.69372540968124,2.1263764227328465,0.009950579590749709,142.82211303710938,83.81971740722659,0.5868819304294131,0.2514904412489645,0.42027853926780534,0.9053595066635758,0.5593460445808496,-0.2186909875929093,0.2804880301705247,-0.36802639873149184,0.23901589938092932,0.24089262687881732,0.41171027155390993,-0.17663530506611036,0.3598251367082781,2.02891955884376,0.8370689636858436,0.7001521361419882,0.9723372394966767,0.25163119447456817,0.42031798510924717,2.0782789678904736,0.8370689636858436
108.85972758690784,海沧区,216.5797898306984,0.5,average_masked,24.92777563816601,25.464874796599336,median_masked,0.0,261.74969482421875,0.0,500.0,NOAA/VIIRS/DNB/ANNUAL_V22,5562.814749875833,218.4220196061273,2022,0.9915657323435113,25.468195742842504,261.74969482421875,0.5370991584333247,3.2758183743937663,8.624039258074223,5.382565633052119,5.390996905640702,5.571201848288141,0.6070899205368825,0.02442252692923974,132.61932528914076,0.024422569524601423,0.7596879982843063,0.003520005744757748,35.107864379882784,0.15490461011126277,17.638275056372915,7.8265997402264205,0.44372818289839394,3853.240866998062,1709.5738828777708,0.4436716888164964,213.69372540968124,2.886064421017153,0.013505611432830595,142.82211303710938,118.92758178710938,0.8326972571551893,0.29747206103842794,0.43264602980748,0.9983423060615757,0.5797144800601141,-0.21382246835094484,0.2820235298769149,-0.36802639873149184,0.23901589938092932,0.2769187155002522,0.4213557402454541,1.9122588065942183,0.7844434895741759,2.643321417825169,1.0,0.7311481225760197,0.9804140001714758,0.29762296077733175,0.43268775614096194,2.7010071112826375,1.0
74.3569871925188,海沧区,214.26180928131117,0.5,average_masked,25.887199722871383,26.865806993938463,median_masked,0.0,247.25526428222656,0.0,500.0,NOAA/VIIRS/DNB/ANNUAL_V22,5868.781150928488,218.4220196061273,2023,0.9809533382562889,26.868999570242295,247.25526428222656,0.9786072710670801,3.327400381446875,8.677572629491435,5.371855004898438,5.390996905640702,5.514457508268329,1.4009321973391273,0.055014297479530905,305.9664010526558,0.055002083443365546,-2.317980549387215,-0.010702663213401409,-14.494430541992188,-0.05537515736828691,17.638275056372915,9.227531937565548,0.523153874631949,3853.240866998062,2015.5402839304265,0.5230766395096059,213.69372540968124,0.5680838716299377,0.0026584022087725793,142.82211303710938,104.43315124511719,0.7312113581317928,0.4035801176371896,0.4611854851850211,1.2128631719276957,0.6267065521814015,-0.22867742582385156,0.27733837167902226,-0.36802639873149184,0.23901589938092932,0.3496871172760372,0.4408384364781067,-1.1570588880785635,0.16053028274426606,2.389663007461142,0.9327332314083004,0.6365723311650481,0.9557699697425077,0.40373068816194363,0.4612260880633083,2.4439111591257316,0.9327332314083004
85.49831673104288,海沧区,214.78973807064935,0.5,average_masked,26.00243050482876,25.9638946619817,median_masked,0.0,228.3151397705078,0.0,500.0,NOAA/VIIRS/DNB/ANNUAL_V22,5671.77919011847,218.4220196061273,2024,0.9833703509287758,25.967066875153836,228.3151397705078,-0.03853584284705747,3.294498736366654,8.643434433621486,5.374304498730656,5.390996905640702,5.435097213722211,-0.9019123319567619,-0.03357101211068236,-197.00196081001832,-0.03356778106793967,0.5279287893381763,0.002463942552846765,-18.94012451171875,-0.07660150155630163,17.638275056372915,8.325619605608786,0.47202005746024706,3853.240866998062,1818.5383231204082,0.4719503363248542,213.69372540968124,1.096012660968114,0.005128894911944195,142.82211303710938,85.49302673339844,0.5985979685875733,0.3352683428431216,0.4428119430527011,1.0747400608119246,0.5964498628241076,-0.22529415338163244,0.27840543408208046,-0.36802639873149184,0.23901589938092932,0.3584269018739892,0.4431783884944416,-0.1659410955818953,0.36199899396176094,2.0582031503925533,0.8448345748217788,0.6581123234110975,0.9613827403726227,0.33541132276774777,0.4428511706618978,2.107959406402275,0.8448345748217788
99.20678645935386,湖里区,77.04873685189955,0.5,average_masked,42.40906338974151,40.94113216503362,median_masked,0.0,144.7164764404297,3.432026624679565,500.0,NOAA/VIIRS/DNB/ANNUAL_V21,3154.461497651887,77.04873685189955,2013,1.0,40.94111891432153,141.28444981575012,-1.4679312247078897,3.7362670199838495,8.05689003928669,4.357333462998317,4.357333462998317,4.9816627915050935,,,,,,,,,40.94113216503362,0.0,0.0,3154.461497651887,0.0,0.0,77.04873685189955,0.0,0.0,144.7164764404297,0.0,0.0,1.469659834226788,0.7479246403046099,-0.690215729072663,0.20982579511732546,-1.108018003640445,0.0,-1.0448725621076214,0.0,1.6028030568917835,0.776342262315229,1.0535460588597152,0.6098893125612699,0.5951926521580702,0.45686404196724284,0.8063128339529565,1.0,1.469661958393355,0.7479149197447981,0.5642465964393739,0.44093645239454193
100.65734604257676,湖里区,77.04873685189955,0.5,average_masked,37.3320713519605,37.54207214411814,median_masked,0.0,134.5216522216797,3.804508924484253,500.0,NOAA/VIIRS/DNB/ANNUAL_V21,2892.5502113844937,77.04873685189955,2014,1.0,37.54182520791294,130.71714329719543,0.21000079215763634,3.6517504276051778,7.970239474028871,4.357333462998317,4.357333462998317,4.9091314225478415,-3.399060020915485,-0.08302310759785247,-261.9112862673933,-0.08302884231186669,0.0,0.0,-10.19482421875,-0.07044687978529207,40.94113216503362,-3.399060020915485,-0.08302310759785246,3154.461497651887,-261.9112862673933,-0.08302884231186666,77.04873685189955,0.0,0.0,144.7164764404297,-10.19482421875,-0.07044687978529206,1.2122115053448295,0.6786798032048895,-0.8738484276856101,0.16959995982523934,-1.108018003640445,0.0,-1.0448725621076214,0.0,1.2177339281225572,0.6732455241527106,1.1825859016394862,0.6361197879067482,0.41677909546283926,0.4095511875871456,0.8063128339529565,1.0,1.2121731345875595,0.6786617022724384,0.37680827499233627,0.39189495606518865
100.33818190200662,湖里区,77.04873685189955,0.5,average_masked,41.981766104847935,40.7416004449508,median_masked,0.0,132.77818298339844,4.48931884765625,500.0,NOAA/VIIRS/DNB/ANNUAL_V21,3139.040421174916,77.04873685189955,2015,1.0,40.74097187613435,128.2888641357422,-1.2401656598971371,3.7314982441087694,8.051990951805085,4.357333462998317,4.357333462998317,4.896183077473629,3.199528300832661,0.08522513857386915,246.49020979042234,0.08521553362160716,0.0,0.0,-1.74346923828125,-0.012960510144554016,40.94113216503362,-0.19953172008282394,-0.004873624873843546,3154.461497651887,-15.421076476970939,-0.004888655793849459,77.04873685189955,0.0,0.0,144.7164764404297,-11.93829345703125,-0.08249436242973664,1.4545470949464647,0.7438598278657754,-0.7010278400333634,0.20745733787659398,-1.108018003640445,0.0,-1.0448725621076214,0.0,1.570394301472238,0.7676652827236907,1.1541934860528025,0.6303483413441844,0.38626767701009207,0.40145997341640305,0.8063128339529565,1.0,1.4545012721149464,0.7438373590633265,0.3337365074394188,0.3806256280321695
82.29055681700301,湖里区,77.04873685189955,0.5,average_masked,35.511107636006976,36.7730504106782,median_masked,0.0,106.02657318115234,4.339770317077637,500.0,NOAA/VIIRS/DNB/ANNUAL_V21,2833.298890550481,77.04873685189955,2016,1.0,36.77281427723535,101.6868028640747,1.2619427746712262,3.6315958962558716,7.949549880656483,4.357333462998317,4.357333462998317,4.673077151116178,-3.968550034272596,-0.09740780899451451,-305.7415306244352,-0.09739967939310534,0.0,0.0,-26.751609802246094,-0.20147594432430893,40.94113216503362,-4.16808175435542,-0.10180670474753582,3154.461497651887,-321.16260710140614,-0.10181218167997062,77.04873685189955,0.0,0.0,144.7164764404297,-38.689903259277344,-0.26734967718208263,1.1539650022146217,0.663013476535009,-0.9153910434934035,0.1604998026434895,-1.108018003640445,0.0,-1.0448725621076214,0.0,1.0796212609360498,0.6362678377529579,-0.4512991324184633,0.3039930572786991,-0.08189633933102858,0.2773092287003709,0.8063128339529565,1.0,1.1539222927551316,0.6629947767812887,-0.13811937211110442,0.257168918612696
100.89926349396622,湖里区,77.04873685189955,0.5,average_masked,46.09300619570913,48.0927627552012,median_masked,0.0,150.6682891845703,4.752823352813721,500.0,NOAA/VIIRS/DNB/ANNUAL_V21,3705.4780233202287,77.04873685189955,2017,1.0,48.09265115459027,145.9154658317566,1.99975655949207,3.8937116258752376,8.217837384852224,4.357333462998317,4.357333462998317,5.021695828145862,11.319712344522998,0.3078263080735877,872.1791327697479,0.3078316712997027,0.0,0.0,44.64171600341797,0.42104271282204975,40.94113216503362,7.151630590167578,0.1746808212664801,3154.461497651887,551.0165256683417,0.1746784755745177,77.04873685189955,0.0,0.0,144.7164764404297,5.951812744140625,0.0411274022871238,2.0113317473117016,0.8936159467735533,-0.30388395608635,0.2944540687615671,-1.108018003640445,0.0,-1.0448725621076214,0.0,1.882215085938341,0.8511508269232082,1.2041065549473766,0.6404943822479285,0.6993517879784943,0.4844856314737327,0.8063128339529565,1.0,2.0113743798544412,0.8936118380670399,0.6463895594650477,0.46242839592351803
101.26220306358849,湖里区,77.04873685189955,0.5,average_masked,49.11516821781101,49.80594204171254,median_masked,0.0,162.46051025390625,4.994056224822998,500.0,NOAA/VIIRS/DNB/ANNUAL_V21,3837.4608910812726,77.04873685189955,2018,1.0,49.80563014884344,157.46645402908325,0.6907738239015302,3.9280133170691083,8.252826755621877,4.357333462998317,4.357333462998317,5.0965714336658,1.713179286511341,0.035622392816808235,131.98286776104396,0.03561831076325839,0.0,0.0,11.792221069335938,0.07826611115820348,40.94113216503362,8.864809876678919,0.21652576291600556,3154.461497651887,682.9993934293857,0.21651853856444142,77.04873685189955,0.0,0.0,144.7164764404297,17.744033813476562,0.12261239528437953,2.1410897220675396,0.9285164251078966,-0.21134739333245411,0.31472475344871986,-1.108018003640445,0.0,-1.0448725621076214,0.0,2.11143374300735,0.9125208358495023,1.2363931742247172,0.6470574200872454,0.9057204371257009,0.5392117970554099,0.8063128339529565,1.0,2.1411286713423294,0.9285100601862262,0.8512760019052144,0.5160350310944526
93.44247991609132,湖里区,77.04873685189955,0.5,average_masked,46.09847645675437,46.5449009719552,median_masked,0.0,154.22657775878906,6.080935478210449,500.0,NOAA/VIIRS/DNB/ANNUAL_V21,3586.215935288815,77.04873685189955,2019,1.0,46.544772592211565,148.1456422805786,0.4464245152008317,3.8616745481615005,8.185131675131805,4.357333462998317,4.357333462998317,5.044885841533583,-3.26104106975734,-0.06547494005888321,-251.2449557924574,-0.06547166549016337,0.0,0.0,-8.233932495117188,-0.050682670405556074,40.94113216503362,5.603768806921579,0.13687381150899292,3154.461497651887,431.7544376369283,0.13687104374496786,77.04873685189955,0.0,0.0,144.7164764404297,9.510101318359375,0.06571540126098953,1.8940950915936885,0.8620832770430304,-0.38750165496269584,0.2761371142762835,-1.108018003640445,0.0,-1.0448725621076214,0.0,1.8826299829165432,0.851261909640389,0.5407610490744907,0.5056533318986316,0.7616232805175004,0.5009991863464833,0.8063128339529565,1.0,1.8941260733401488,0.8620771782348744,0.6859474666161207,0.47277835501069654
83.07945966505687,湖里区,77.04873685189955,0.5,average_masked,45.7230011788676,44.15384504880566,median_masked,0.0,176.8173065185547,5.026552677154541,500.0,NOAA/VIIRS/DNB/ANNUAL_V21,3402.0009034115774,77.04873685189955,2020,1.0,44.15388288520274,171.79075384140015,-1.5691561300619412,3.810075437893772,8.132412939975914,4.357333462998317,4.357333462998317,5.180756655342611,-2.391055923149544,-0.05137095306294093,-184.21503187723783,-0.05136752365203079,0.0,0.0,22.590728759765625,0.1464775338210358,40.94113216503362,3.212712883772035,0.0784715202994777,3154.461497651887,247.53940575969045,0.07847279351608934,77.04873685189955,0.0,0.0,144.7164764404297,32.100830078125,0.22181876499279482,1.7129940378051876,0.8133732581330912,-0.5166595233034718,0.24784431469431034,-1.108018003640445,0.0,-1.0448725621076214,0.0,1.8541517152623288,0.8436372617932534,-0.3811193889189221,0.31825879096188725,1.156970191840824,0.6058398228515547,0.8063128339529565,1.0,1.7130215758539618,0.8133679994664287,1.1053542486193086,0.5825122450782461
93.67105035672708,湖里区,77.04873685189955,0.5,average_masked,51.16379492016944,51.56136544309345,median_masked,0.0,226.2839508056641,5.358238220214844,500.0,NOAA/VIIRS/DNB/ANNUAL_V21,3972.708912242039,77.04873685189955,2021,1.0,51.56098690985998,220.92571258544925,0.3975705229240134,3.9619813525887886,8.287455172377165,4.357333462998317,4.357333462998317,5.426200120383516,7.407520394287793,0.16776614553273572,570.7080088304615,0.16775657180400705,0.0,0.0,49.4666442871094,0.2797613268807402,40.94113216503362,10.620233278059828,0.25940253032695065,3154.461497651887,818.247414590152,0.2593936921402394,77.04873685189955,0.0,0.0,144.7164764404297,81.5674743652344,0.5636364038949663,2.2740473098667917,0.9642774904382225,-0.1165215480557573,0.3354969190943011,-1.108018003640445,0.0,-1.0448725621076214,0.0,2.266813718705582,0.9541215965270988,0.5610943701354635,0.5097865721854458,2.022656520086621,0.8354080907892866,0.8063128339529565,1.0,2.2740929829878884,0.964271637152369,1.976888936780663,0.8105412035132272
120.78012010004495,湖里区,77.04873685189955,0.5,average_masked,49.52583168879158,49.84017419690304,median_masked,0.0,217.18896484375,5.531461715698242,500.0,NOAA/VIIRS/DNB/ANNUAL_V22,3840.1267097000414,77.04873685189955,2022,1.0,49.84022927048631,211.65750312805176,0.3143425081114657,3.9286868726903448,8.253521016528694,4.357333462998317,4.357333462998317,5.38536149853507,-1.7211912461904078,-0.033381413222852485,-132.5822025419975,-0.03337324870026115,0.0,0.0,-9.094985961914091,-0.040192801696860014,40.94113216503362,8.89904203186942,0.21736189404820072,3154.461497651887,685.6652120481544,0.21736363324090302,77.04873685189955,0.0,0.0,144.7164764404297,72.47248840332031,0.5007894759872246,2.143682500981002,0.9292137943791516,-0.20947831974668518,0.31513418513914226,-1.108018003640445,0.0,-1.0448725621076214,0.0,2.142580891517937,0.9208600382799041,2.97268100059382,1.0000000000000002,1.8634905787480809,0.7931994428349983,0.8063128339529565,1.0,2.143749476693671,0.9292149420535885,1.8124934382244475,0.7675286478268228
83.92962275676858,湖里区,77.04873685189955,0.5,average_masked,52.14908973095204,53.31489623591409,median_masked,0.0,231.7886962890625,5.713711738586426,500.0,NOAA/VIIRS/DNB/ANNUAL_V22,4107.83131970832,77.04873685189955,2023,1.0,53.31471335609633,226.07498455047607,1.165806504962049,3.9947985214708193,8.320893916619097,4.357333462998317,4.357333462998317,5.450131159219075,3.4747220390110485,0.06971729322781872,267.70461000827845,0.06971244186606262,0.0,0.0,14.5997314453125,0.06722133169065847,40.94113216503362,12.373764070880469,0.3022330701799318,3154.461497651887,953.3698220564329,0.30222902475306823,77.04873685189955,0.0,0.0,144.7164764404297,87.07221984863281,0.6016745431504115,2.4068615495321275,1.0,-0.021783773751601683,0.35624979226930276,-1.108018003640445,0.0,-1.0448725621076214,0.0,2.341544309485615,0.9741296407320568,-0.30549001597865516,0.33363229390151306,2.1189917976080155,0.8609548992351373,0.8063128339529565,1.0,2.4069338019695476,0.9999999999999998,2.068224500115011,0.834438305554159
87.8559260497228,湖里区,77.04873685189955,0.5,average_masked,53.4230738584696,52.94440522744442,median_masked,0.0,228.3151397705078,5.753068923950195,500.0,NOAA/VIIRS/DNB/ANNUAL_V22,4079.277126415224,77.04873685189955,2024,1.0,52.94411424623704,222.56207084655762,-0.47866863102517954,3.987953983406224,8.31392018823252,4.357333462998317,4.357333462998317,5.435097213722211,-0.37049100846967065,-0.006949108684940142,-28.554193293095977,-0.006951160130675316,0.0,0.0,-3.4735565185546875,-0.01498587538635976,40.94113216503362,12.003273062410798,0.2931837110421282,3154.461497651887,924.8156287633369,0.2931770222751965,77.04873685189955,0.0,0.0,144.7164764404297,83.59866333007812,0.5776720480372546,2.378800176561544,0.9924524458613462,-0.041803848662667925,0.35186427573553336,-1.108018003640445,0.0,-1.0448725621076214,0.0,2.438170806907388,1.0,0.04378867997316484,0.4046316536767809,2.0582031503925533,0.8448345748217788,0.8063128339529565,1.0,2.3788617560850627,0.9924498490078211,2.005913953251,0.818135329558
91.78421581769436,翔安区,356.9045034256111,0.5,average_masked,6.282546765183065,6.427614043806055,median_masked,0.0,64.90830993652344,0.0,500.0,NOAA/VIIRS/DNB/ANNUAL_V21,2892.9231873206986,450.0607957954634,2013,0.7930139811329212,6.427849780178208,64.90830993652344,0.14506727862298963,2.005204682502123,7.970368364793813,5.880266200608745,6.111602132624913,4.188264532747147,,,,,,,,,6.427614043806055,0.0,0.0,2892.9231873206986,0.0,0.0,356.9045034256111,0.0,0.0,64.90830993652344,0.0,0.0,-1.1444297992225405,0.04482351077557867,-0.8735869247215374,0.16965724360552814,0.6854593023271177,0.5656512257348228,0.7409795881030712,0.6306411721606708,-1.1372458103437515,0.042733464537038746,0.39324409008887656,0.47566693488855494,-0.8014826149936128,0.0864847123072707,-1.0383101968606279,0.5193384541313866,-1.1446402592377531,0.044782110560696406,-0.7904804035231866,0.0864847123072707
92.18889962151076,翔安区,366.3525057548396,0.5,average_masked,5.89784452940066,6.028799285651124,median_masked,0.0,46.762939453125,0.0,500.0,NOAA/VIIRS/DNB/ANNUAL_V21,2713.448368801729,450.0607957954634,2014,0.814006705710341,6.0290707258912075,46.762939453125,0.13095475625046404,1.9500158926076754,7.906344032645817,5.9063218932076875,6.111602132624913,3.8662500135289117,-0.3988147581549306,-0.062047091725933146,-179.47481851896964,-0.06203926163874107,9.44800232922853,0.026472073729934653,-18.145370483398438,-0.27955388918835755,6.427614043806055,-0.3988147581549306,-0.06204709172593319,2892.9231873206986,-179.47481851896964,-0.0620392616387411,356.9045034256111,9.44800232922853,0.026472073729934757,64.90830993652344,-18.145370483398438,-0.2795538891883575,-1.174636442349953,0.03669895198830411,-0.999421308292393,0.1420924731379795,0.746007555349222,0.5847477559357325,0.7409795881030712,0.6306411721606708,-1.166423905102602,0.03492144801665656,0.4292442206756966,0.4829848338990428,-1.1190339543822496,0.0022744058877639806,-0.8512267240396826,0.5680876184595163,-1.1748468722918606,0.036657854478353596,-1.1123351523630078,0.0022744058877639806
88.07413854281657,翔安区,379.4552300441168,0.5,average_masked,6.2766513855251,6.4199924047479975,median_masked,0.0,50.97771835327149,0.0,500.0,NOAA/VIIRS/DNB/ANNUAL_V21,2889.563990531761,450.0607957954634,2015,0.8431199375485389,6.4203859068075,50.97771835327149,0.14334101922289744,2.004178033559897,7.969206914499854,5.9413685095226985,6.111602132624913,3.950815133545663,0.39119311909687315,0.06488740138155435,176.11562173003222,0.06490472557169236,13.102724289277148,0.03576534644489482,4.2147789001464915,0.09013075203220211,6.427614043806055,-0.007621639058057461,-0.0011857648897575024,2892.9231873206986,-3.3591967889374246,-0.0011611773183817467,356.9045034256111,22.550726618505678,0.06318420306289546,64.90830993652344,-13.930591583251946,-0.21461953942222894,-1.1450070700641157,0.044668244569109644,-0.8759421434687538,0.16914131892480416,0.8299773764712712,0.611231298316993,0.7409795881030712,0.6306411721606708,-1.1376929508339795,0.042613749081815866,0.06320057185756425,0.4085775911524785,-1.0452736150057116,0.021834647052117045,-0.5917747173578116,0.6356941703279586,-1.1452056307946845,0.04463005037103014,-1.037575223621781,0.021834647052117045
70.4765809809178,翔安区,389.38977597934974,0.5,average_masked,6.339638931972489,6.729660407414,median_masked,0.0,47.71614837646485,0.0,500.0,NOAA/VIIRS/DNB/ANNUAL_V21,3029.005196057282,450.0607957954634,2016,0.86519372408592,6.730213394178543,47.71614837646485,0.390021475441511,2.0450649298637975,8.016319613372335,5.967145665618525,6.111602132624913,3.886010563964229,0.3096680026660028,0.048234948445886605,139.44120552552067,0.04825683251259627,9.934545935232961,0.02618107525907054,-3.2615699768066406,-0.06398030516399777,6.427614043806055,0.30204636360794535,0.04699198824780264,2892.9231873206986,136.08200873658325,0.04703962045484401,356.9045034256111,32.48527255373864,0.0910195086975401,64.90830993652344,-17.192161560058587,-0.26486842095983587,-1.1215524945920698,0.05097672699297337,-0.7781763494343874,0.1905574978391904,0.8936436817901565,0.6313112421901642,0.7409795881030712,0.6306411721606708,-1.1329156024644498,0.043892815610827834,-1.5022546409852513,0.09036088009367549,-1.1023524118036228,0.006698124631324354,-0.39505701030212875,0.6869537694946293,-1.1217368981119293,0.0509421117034682,-1.0954275439515886,0.006698124631324354
89.10749881722126,翔安区,396.1569635559428,0.5,average_masked,9.167891449938429,9.52540445073562,median_masked,0.0,71.59735870361328,0.0,500.0,NOAA/VIIRS/DNB/ANNUAL_V21,4287.439716266682,450.0607957954634,2017,0.8802298872883433,9.526356786284426,71.59735870361328,0.3575130007971907,2.3537918064534598,8.363678243264328,5.984331576743738,6.111602132624913,4.284928539675998,2.795744043321619,0.4154361251633998,1258.4345202094,0.4154613276489083,6.767187576593074,0.017378955468394075,23.88121032714843,0.5004848702106772,6.427614043806055,3.0977904069295645,0.4819502829225937,2892.9231873206986,1394.5165289459833,0.4820440912700225,356.9045034256111,39.25246013033171,0.10998028815434385,64.90830993652344,6.689048767089844,0.10305381196385094,-0.9097999431496319,0.10793095541527065,0.10414426479761942,0.38383507841713316,0.9370117263097916,0.6449892449497361,0.7409795881030712,0.6306411721606708,-0.9184041900123411,0.10132517066129187,0.15512692144450949,0.42726384955528385,-0.6844215499043832,0.11752771839232265,-0.26105736583303474,0.721870646916436,-0.9099353489052976,0.10790745307786691,-0.6718329439478227,0.11752771839232265
86.8047390001577,翔安区,408.9873949978546,0.5,average_masked,10.596567606681328,10.89317615063803,median_masked,0.0,84.89704132080078,0.0,500.0,NOAA/VIIRS/DNB/ANNUAL_V21,4903.29517374114,450.0607957954634,2018,0.908738105648564,10.894739598624168,84.89704132080078,0.2966085439567028,2.4759648029225687,8.497866666208662,6.0161264153180785,6.111602132624913,4.453149385100178,1.367771699902411,0.14359198152439423,615.8554574744585,0.14364177649842702,12.830431441911799,0.03238724198293674,13.2996826171875,0.18575660971298236,6.427614043806055,4.4655621068319755,0.6947464605680854,2892.9231873206986,2010.3719864204418,0.6949275373890456,356.9045034256111,52.08289157224351,0.14592948834308853,64.90830993652344,19.988731384277344,0.3079533484052375,-0.8062034969953593,0.13579487307678964,0.5359362704925844,0.4784216865360673,1.0192365376780452,0.6709224224599892,0.7409795881030712,0.6306411721606708,-0.8100449334138606,0.13033680797619543,-0.04972351571798474,0.3856230336200712,-0.45167171256181293,0.1792498171226974,-0.00699713296051444,0.7880722405408989,-0.8062834402158058,0.13578527731816303,-0.4359289147454101,0.1792498171226974
77.64910700205013,翔安区,414.7764424656236,0.5,average_masked,12.378573354626436,12.664893202769406,median_masked,0.0,91.74053955078124,0.0,500.0,NOAA/VIIRS/DNB/ANNUAL_V21,5700.8878054006345,450.0607957954634,2019,0.9216009177882819,12.666928243160031,91.74053955078124,0.28631984814296985,2.6148300039648884,8.648552592919975,6.030147717892073,6.111602132624913,4.529805696832753,1.7717170521313754,0.16264467108866154,797.5926316594941,0.16266461703771817,5.789047467768967,0.014154586519223411,6.8434982299804545,0.08060938430258013,6.427614043806055,6.237279158963351,0.9703879412258551,2892.9231873206986,2807.964618079936,0.9706322761651174,356.9045034256111,57.87193904001248,0.1621496464307703,64.90830993652344,26.8322296142578,0.4133866625166818,-0.6720118112009903,0.17188786875992892,1.0951488551534283,0.600920530662093,1.0563360957244148,0.6826233848381151,0.7409795881030712,0.6306411721606708,-0.6748870691279655,0.1665233882648455,-0.8641963076320394,0.22006169978982326,-0.331907719259922,0.21100960309429098,0.1076339887153366,0.8179421766898938,-0.6720441513943537,0.17188976730992506,-0.3145418972683443,0.21100960309429098
72.30108224254846,翔安区,428.4114548863961,0.5,average_masked,13.48051814333008,13.5831119690722,median_masked,0.0,93.55619049072266,0.0,500.0,NOAA/VIIRS/DNB/ANNUAL_V21,6114.210813286101,450.0607957954634,2020,0.9518968523556846,13.585299742625866,93.55619049072266,0.10259382574212061,2.679864144756687,8.718534522308078,6.062415561582572,6.111602132624913,4.549194266157622,0.918218766302795,0.07250110613660832,413.3230078854667,0.07250151590317433,13.635012420772512,0.03287316015277941,1.8156509399414205,0.01979115175070878,6.427614043806055,7.155497925266146,1.1132432464829642,2892.9231873206986,3221.2876259654026,1.1135061034748113,356.9045034256111,71.50695146078499,0.2003531778793849,64.90830993652344,28.64788055419922,0.4413592124369774,-0.6024649701690279,0.1905936016694109,1.384940182661707,0.6644010452843462,1.143717126469766,0.7101828008299527,0.7409795881030712,0.6306411721606708,-0.5913090535273422,0.1889002036124199,-1.3399494460278536,0.12335334446019641,-0.3001330917664716,0.21943580316241415,0.37762603430823233,0.8882951929100549,-0.602479583681828,0.19059958960419193,-0.2823366646559659,0.21943580316241415
83.32751931871945,翔安区,429.3575034737123,0.5,average_masked,15.56918798784395,15.848861800072848,median_masked,0.0,86.9754867553711,0.0,500.0,NOAA/VIIRS/DNB/ANNUAL_V21,7134.056871625843,450.0607957954634,2021,0.9539988985595627,15.851318173618521,86.9754867553711,0.2796738122288982,2.824283105559736,8.872775500674663,6.064616266690462,6.111602132624913,4.4770582160752195,2.2657498310006474,0.16680638694281558,1019.8460583397418,0.16679929585084463,0.946048587316227,0.0022082709893158636,-6.5807037353515625,-0.07033958630459758,6.427614043806055,9.421247756266794,1.4657457171600934,2892.9231873206986,4241.133684305145,1.4660374333108723,356.9045034256111,72.45300004810122,0.20300388297902902,64.90830993652344,22.067176818847656,0.3399746017178398,-0.4308547296712476,0.23675091486510505,2.099980326718374,0.8210348435093486,1.149779951947573,0.7120949770540548,0.7409795881030712,0.6306411721606708,-0.4328919688976336,0.23131410666079075,-0.3590523335019334,0.32274445477388136,-0.4152980748784237,0.1888956122902045,0.3963591007285196,0.8931765505175564,-0.43083380343678856,0.23676478765755699,-0.3990623468275523,0.1888956122902045
108.19619933764392,翔安区,430.3595241664819,0.5,average_masked,15.010110654326487,15.219446043699069,median_masked,0.0,76.35395050048828,0.0,500.0,NOAA/VIIRS/DNB/ANNUAL_V22,6850.825110289071,450.0607957954634,2022,0.956225310417984,15.221999281631557,76.35395050048828,0.20933538937258156,2.7862108954344498,8.832270335225841,6.066941905182579,6.111602132624913,4.348391648765807,-0.6294157563737794,-0.03971362513684651,-283.23176133677225,-0.03970136017043335,1.0020206927695767,0.002333767745207105,-10.621536254882812,-0.12212103261643303,6.427614043806055,8.791831999893013,1.3678220160660124,2892.9231873206986,3957.901922968372,1.3681323929772264,356.9045034256111,73.4550207408708,0.20581141463848432,64.90830993652344,11.445640563964844,0.1763355196762636,-0.4785273314062296,0.22392860774198428,1.901399297972364,0.7775344875552765,1.1562014789884274,0.7141202854477894,0.7409795881030712,0.6306411721606708,-0.47529570326044834,0.21996111476375382,1.8532322199201872,0.7724449053142481,-0.6011792651902402,0.13960244280171571,0.4162004920099171,0.8983467092145854,-0.478503288715744,0.22394378369309426,-0.5874625719282799,0.13960244280171571
78.65433882668351,翔安区,427.8950711018372,0.5,average_masked,16.46179414621708,17.357687051142353,median_masked,0.0,83.1906509399414,0.0,500.0,NOAA/VIIRS/DNB/ANNUAL_V22,7813.552520699986,450.0607957954634,2023,0.950749487845416,17.36110453008879,83.1906509399414,0.8958929049252724,2.9100483996498734,8.963742982188704,6.061212299504918,6.111602132624913,4.433083881116112,2.138241007443284,0.14049401018301366,962.7274104109156,0.1405272204314516,-2.464453064644715,-0.005726498256121704,6.836700439453125,0.08953957712259308,6.427614043806055,10.930073007336297,1.7004868265027548,2892.9231873206986,4920.629333379287,1.7009194557759977,356.9045034256111,70.99056767622608,0.19890633767534543,64.90830993652344,18.28234100341797,0.281664104662362,-0.31657474135903074,0.2674883417064565,2.5763920977172443,0.9253956767169722,1.140407841082816,0.7091390734690287,0.7409795881030712,0.6306411721606708,-0.36519143417530336,0.24943995415222528,-0.7747722273610934,0.23823931131126885,-0.4815342359783254,0.17133068111084596,0.36740092339511976,0.8856307907335261,-0.316470895520752,0.2675234016261934,-0.46619613072519206,0.17133068111084596
92.4019634127109,翔安区,428.8965688682589,0.5,average_masked,18.367919220326865,18.43657515876581,median_masked,0.0,80.64945983886719,0.0,500.0,NOAA/VIIRS/DNB/ANNUAL_V22,8299.302888101565,450.0607957954634,2024,0.9529747378022616,18.440403975718212,80.64945983886719,0.06865593843894402,2.967156608551055,9.02404728566121,6.063544642238143,6.111602132624913,4.402435203826522,1.078888107623456,0.06215621381147396,485.75036740157884,0.06216767163396031,1.0014977664217213,0.002340521857012501,-2.5411911010742188,-0.0305465947478738,6.427614043806055,12.008961114959753,1.8683388630859286,2892.9231873206986,5406.379700780866,1.8688293296124545,356.9045034256111,71.9920654426478,0.20171240416318525,64.90830993652344,15.74114990234375,0.24251363065434428,-0.23485863789244135,0.28946719197727067,2.9169640986012224,1.0,1.146826016909761,0.7111633249114157,0.7409795881030712,0.6306411721606708,-0.22061962548414088,0.2881469830796132,0.44819809091758067,0.486837667375674,-0.5260061104174231,0.15953734343897139,0.3872319600138311,0.8907982512705024,-0.23471639920716902,0.2895117808842308,-0.5112706815225174,0.15953734343897139
88.40407254215718,集美区,224.6871680302075,0.5,average_masked,13.937738512610728,14.099562868692932,median_masked,0.0,89.42164611816406,0.0,500.0,NOAA/VIIRS/DNB/ANNUAL_V21,3854.289365038898,273.2998135776335,2013,0.8221270446142581,14.102788123359073,89.42164611816406,0.16182435608220302,2.714665794308662,8.257201345447298,5.419149828109793,5.614221718313846,4.504483686944763,,,,,,,,,14.099562868692932,0.0,0.0,3854.289365038898,0.0,0.0,224.6871680302075,0.0,0.0,89.42164611816406,0.0,0.0,-0.563348443765022,0.2011146157716007,-0.199548520017688,0.31730936685459454,-0.16186570866099967,0.2984103582499519,-0.10529058627438977,0.33179626796686457,-0.5566307542618988,0.19818482102830606,0.09255105969345159,0.4145437891187218,-0.3724892943840461,0.20024792001410616,-0.7788596905455205,0.5869446150426545,-0.5632810071549006,0.20114229007834405,-0.3556734279816003,0.20024792001410616
91.39729362951034,集美区,226.67412579160455,0.5,average_masked,13.709547390518312,13.85342851358464,median_masked,0.0,92.17008972167967,0.0,500.0,NOAA/VIIRS/DNB/ANNUAL_V21,3786.969690742636,273.2998135776335,2014,0.8293972938522168,13.856466424800214,92.17008972167967,0.14388112306632905,2.698230714936535,8.239585452886057,5.427915333725876,5.614221718313846,4.534426744450811,-0.24613435510829085,-0.017456878443715018,-67.31967429626184,-0.017466170263939818,1.9869577613970648,0.008843218679626341,2.748443603515611,0.030735775092797457,14.099562868692932,-0.24613435510829085,-0.017456878443715056,3854.289365038898,-67.31967429626184,-0.017466170263939807,224.6871680302075,1.9869577613970648,0.008843218679626303,89.42164611816406,2.748443603515611,0.030735775092797405,-0.5819909149226808,0.19610042560748356,-0.2467480647068251,0.3069700257412312,-0.149132136304744,0.30242644520423495,-0.10529058627438977,0.33179626796686457,-0.5739381197103985,0.1935510220799714,0.35882400910169093,0.46867021925193875,-0.32439041713439004,0.2130030896173137,-0.7140685067858789,0.6038275391004937,-0.5819393197097096,0.19612402109902705,-0.30692272176045876,0.2130030896173137
87.49599044199284,集美区,227.9191774033693,0.5,average_masked,14.44056537843007,14.36756514046011,median_masked,0.0,81.05404663085938,0.0,500.0,NOAA/VIIRS/DNB/ANNUAL_V21,3927.520828666351,273.2998135776335,2015,0.8339529193957047,14.370740972169381,81.05404663085938,-0.07300023796996058,2.7322591286356666,8.276018254540563,5.433369004154091,5.614221718313846,4.407378135404163,0.5141366268754695,0.03711259103631348,140.55113792371503,0.03711440793077814,1.245051611764751,0.0054926940047379524,-11.116043090820298,-0.12060358327074139,14.099562868692932,0.2680022717671786,0.019007842602146087,3854.289365038898,73.2314636274532,0.01899999109867407,224.6871680302075,3.232009373161816,0.014384485778588373,89.42164611816406,-8.367599487304688,-0.09357465278873894,-0.5430496739349896,0.20657429389928347,-0.14820406869245586,0.3285566744298354,-0.14115312683927253,0.304942973553535,-0.10529058627438977,0.33179626796686457,-0.5184933883369679,0.20839555394667283,0.011769289132894017,0.39812293649362096,-0.5189256775426235,0.1614149781644855,-0.6734695724072393,0.6144065822074467,-0.5429841838043603,0.20660124670689733,-0.5040942956537531,0.1614149781644855
67.62182563130249,集美区,231.1706928995702,0.5,average_masked,14.004120780303854,14.352938281632666,median_masked,0.0,72.95167541503906,0.0,500.0,NOAA/VIIRS/DNB/ANNUAL_V21,3923.511873005307,273.2998135776335,2016,0.8458501667945848,14.356072262342744,72.95167541503906,0.34881750132881173,2.731306874713798,8.274997258917193,5.447472846395222,5.614221718313846,4.303411844952079,-0.014626858827444522,-0.00101804715582976,-4.008955661044183,-0.0010207344113323247,3.251515496200909,0.014266089994026343,-8.102371215820312,-0.09996257500529937,14.099562868692932,0.2533754129397341,0.017970444566216732,3854.289365038898,69.22250796640901,0.017959862742612322,224.6871680302075,6.483524869362725,0.028855786141249794,89.42164611816406,-16.469970703125,-0.18418326454604914,-0.5441575273823388,0.20627631903253954,-0.15101484999611306,0.32794095606041085,-0.12031553852071196,0.31151501510350743,-0.10529058627438977,0.33179626796686457,-0.5515959301384619,0.1995328229987767,-1.7562098633350973,0.03873832650709197,-0.6607204584296654,0.12381292625636528,-0.56744339404321,0.6420342903861298,-0.5440953054567461,0.20630240364142527,-0.64781065873715,0.12381292625636528
94.25659547942622,集美区,228.8467338058816,0.5,average_masked,17.220622968625356,17.42907399848274,median_masked,0.0,69.78392028808594,0.0,500.0,NOAA/VIIRS/DNB/ANNUAL_V21,4764.394039266776,273.2998135776335,2017,0.8373468346361512,17.432847746577053,69.78392028808594,0.2084510298573825,2.9139295261700027,8.469135507163903,5.437412712039816,5.614221718313846,4.259631860330196,3.0761357168500734,0.21432097431830943,840.8821662614696,0.21431875153658608,-2.3239590936886145,-0.010053000510312216,-3.167755126953125,-0.04342265080179486,14.099562868692932,3.3295111297898075,0.23614286207289079,3854.289365038898,910.1046742278786,0.23612774963996347,224.6871680302075,4.1595657756741105,0.018512698398134103,89.42164611816406,-19.637725830078125,-0.21960818976792632,-0.3111678199796852,0.2689426195095005,0.4385491340792011,0.45708845482666594,-0.13520880995676673,0.3068177729276657,-0.10529058627438977,0.33179626796686457,-0.3076373644908757,0.2648492311083088,0.6131836820447895,0.5203749872235235,-0.7161574573236548,0.10911178636248728,-0.6432235961262172,0.6222879094340341,-0.3110365088436666,0.26898501365585165,-0.7039989317572224,0.10911178636248728
81.18088788171963,集美区,234.06955950894516,0.5,average_masked,16.950512151702366,17.218707277707004,median_masked,0.0,81.74229431152344,0.0,500.0,NOAA/VIIRS/DNB/ANNUAL_V21,4706.883570460871,273.2998135776335,2018,0.8564570771009891,17.222417786698692,81.74229431152344,0.26819512600463824,2.9024489385851076,8.456993737925874,5.459881468255825,5.614221718313846,4.41573088981879,-0.2103667207757347,-0.012069873637236661,-57.510468805905475,-0.012070888413494019,5.222825703063563,0.02282237380540386,11.9583740234375,0.17136288666601507,14.099562868692932,3.1191444090140727,0.22122277393009887,3854.289365038898,852.5942054219731,0.22120658950923594,224.6871680302075,9.382391478737674,0.0417575759265268,89.42164611816406,-7.679351806640625,-0.08587799643604113,-0.3271012134422412,0.2646570790301668,0.39822707413352054,0.4482556676691274,-0.10173792784435048,0.3173742742172652,-0.10529058627438977,0.33179626796686457,-0.32812416773375414,0.2593641832768482,-0.5500137985395309,0.2839269090244352,-0.5068810641231315,0.16460904621254555,-0.472916473123339,0.6666655864160322,-0.3269761032248258,0.2646979608052309,-0.49188645538935116,0.16460904621254555
77.59849552293076,集美区,233.4144624159917,0.5,average_masked,16.82919396329812,17.069251955740192,median_masked,0.0,83.31196594238281,0.0,500.0,NOAA/VIIRS/DNB/ANNUAL_V21,4666.012017692361,273.2998135776335,2019,0.8540600864686944,17.072869375986365,83.31196594238281,0.24005799244207182,2.8942117067212574,8.44827432098236,5.457090755526434,5.614221718313846,4.434523799684107,-0.149455321966812,-0.00867982244871024,-40.8715527685099,-0.008683357503255218,-0.6550970929534685,-0.002798728268330941,1.569671630859375,0.019202686248043,14.099562868692932,2.9696890870472608,0.2106227770820642,3854.289365038898,811.7226526534632,0.21060241610719627,224.6871680302075,8.727294385784205,0.038841979550033254,89.42164611816406,-6.10968017578125,-0.06832439840916998,-0.3384211144284284,0.26161241098676735,0.36957098359864954,0.4419783805264902,-0.1059361681872305,0.31605017617154263,-0.10529058627438977,0.33179626796686457,-0.33732565727028324,0.2569006163830678,-0.8686986372046753,0.21914649218953342,-0.47941117425586294,0.17189368827227156,-0.49427803246525104,0.6610993108334711,-0.3383040577065898,0.26165123713137434,-0.46404429757981736,0.17189368827227156
74.86190887427196,集美区,233.60438474258484,0.5,average_masked,16.260152365837765,16.172544655413134,median_masked,0.0,72.45281219482422,0.0,500.0,NOAA/VIIRS/DNB/ANNUAL_V21,4420.908874559912,273.2998135776335,2020,0.854755009469581,16.176040578615726,72.45281219482422,-0.08760771042463134,2.8433118675050886,8.39432675391422,5.457900626337062,5.614221718313846,4.296643189086735,-0.8967073003270585,-0.052533485512556766,-245.10314313244908,-0.05252947103502492,0.18992232659314823,0.0008136699184246865,-10.859153747558594,-0.13034326611700175,14.099562868692932,2.0729817867202023,0.14702454296105233,3854.289365038898,566.6195095210142,0.14701011155536212,224.6871680302075,8.917216712377353,0.03968725401878981,89.42164611816406,-16.968833923339844,-0.1897620392820413,-0.4063386547321964,0.2433449045128588,0.19772290384092564,0.4043340361160983,-0.10471903628099317,0.3164340517591251,-0.10529058627438977,0.33179626796686457,-0.38048514039275005,0.24534528359145044,-1.1121417297742062,0.16966078374388527,-0.6694507670169653,0.12149776687870759,-0.4880850007856531,0.6627130563690107,-0.4062368143715343,0.24338030054749143,-0.6566592791935124,0.12149776687870759
86.11798489679036,集美区,233.92586617659217,0.5,average_masked,18.05722162551093,18.503332767941743,median_masked,0.0,80.48161315917969,0.0,500.0,NOAA/VIIRS/DNB/ANNUAL_V21,5058.029166563827,273.2998135776335,2021,0.8559313053103977,18.50725436051951,80.48161315917969,0.4461111424308122,2.9705853621425495,8.528929879557749,5.459270001296884,5.614221718313846,4.40037738938525,2.3307881125286087,0.14412006039806902,637.120292003915,0.14411522835727708,0.32148143400732465,0.0013761789375725808,8.028800964355469,0.11081420749778736,14.099562868692932,4.403769899248811,0.3123337893706667,3854.289365038898,1203.7398015249291,0.3123117357102691,224.6871680302075,9.238698146384678,0.041118049719433045,89.42164611816406,-8.940032958984375,-0.09997616178045733,-0.22980234738367003,0.29082716201137127,0.644424228663953,0.5021866193042476,-0.10265879766865005,0.3170838377879198,-0.10529058627438977,0.33179626796686457,-0.24418477021081192,0.2818377534526818,-0.11081624334657884,0.373204456137884,-0.5289434953551109,0.15875838881024598,-0.4776020589381938,0.6654446426874512,-0.22965263348401313,0.290873712107775,-0.5142478734725988,0.15875838881024598
112.67921587979754,集美区,235.25287817242557,0.5,average_masked,18.008876872019567,18.339169335433247,median_masked,0.0,76.03660583496094,0.0,500.0,NOAA/VIIRS/DNB/ANNUAL_V22,5013.18487941565,273.2998135776335,2022,0.8607868226942632,18.343169773116607,76.03660583496094,0.3302924634136808,2.962132538504671,8.520026150678198,5.464902749040069,5.614221718313846,4.344280709340728,-0.16416343250849508,-0.008872100748948286,-44.84428714817659,-0.008865960569112596,1.3270119958334021,0.005672788638224624,-4.44500732421875,-0.05523009728231021,14.099562868692932,4.239606466740316,0.30069063177512106,3854.289365038898,1158.8955143767525,0.3006768316070781,224.6871680302075,10.56571014221808,0.04702409236293192,89.42164611816406,-13.385040283203125,-0.14968456592172089,-0.2422362559062548,0.28748286386075494,0.6129827524918023,0.4952991768640165,-0.09415453874837847,0.31976602644244684,-0.10529058627438977,0.33179626796686457,-0.24785152248636186,0.28085603310426677,2.252035382830127,0.8535113132318484,-0.6067329254849279,0.13812968744799595,-0.43433054117183845,0.6767200926163637,-0.24208167053232127,0.28753084544289914,-0.593091494617536,0.13812968744799595
76.36498990305633,集美区,225.83144980631047,0.5,average_masked,18.097555834955312,18.666169876972983,median_masked,0.0,80.11643981933594,0.0,500.0,NOAA/VIIRS/DNB/ANNUAL_V22,5102.586555031497,273.2998135776335,2023,0.8263139548105138,18.670289189868242,80.11643981933594,0.5686140420176713,2.978899894425659,8.537698817635366,5.424207229816462,5.614221718313846,4.395885651051075,0.3270005415397357,0.017830717169285082,89.40167561584622,0.017833309117111007,-9.421428366115094,-0.04004808969525031,4.079833984375,0.05365618230290781,14.099562868692932,4.566607008280052,0.32388287855504194,3854.289365038898,1248.2971899925988,0.32387220360659164,224.6871680302075,1.1442817761029858,0.005092777598893167,89.42164611816406,-9.305206298828125,-0.10405988597584064,-0.21746889597589786,0.29414444061759626,0.6756645528365819,0.5090299982020783,-0.15453249047436488,0.30072320817676657,-0.10529058627438977,0.33179626796686457,-0.24112558501320586,0.28265680642718616,-0.9784296493585568,0.1968410046212552,-0.5353341768395424,0.15706366679436803,-0.7415466825547672,0.5966674298412602,-0.21730311323831017,0.2941951922350058,-0.5207251605407214,0.15706366679436803
88.65810969631251,集美区,227.83650139264623,0.5,average_masked,18.41639637683846,18.24630706203004,median_masked,0.0,80.78321838378906,0.0,500.0,NOAA/VIIRS/DNB/ANNUAL_V22,4987.824621743218,273.2998135776335,2024,0.8336504090879193,18.250376963123607,80.78321838378906,-0.17008931480841838,2.957319201396463,8.514955614255227,5.433007780840207,5.614221718313846,4.4040720683292855,-0.41986281494294175,-0.02249324942986264,-114.76193328827867,-0.022490933186643525,2.005051586335753,0.008878531258845523,0.666778564453125,0.008322618503227686,14.099562868692932,4.14674419333711,0.2941044507517788,3854.289365038898,1133.53525670432,0.29409708232762133,224.6871680302075,3.149333362438739,0.01401652524284491,89.42164611816406,-8.638427734375,-0.09660331820507934,-0.249269740739334,0.28559109585579256,0.5952020274979432,0.49140420325430867,-0.14168296244278766,0.30477586680645263,-0.10529058627438977,0.33179626796686457,-0.2169428309797934,0.28913139209080474,0.11514986556917454,0.4191375440985079,-0.5236652816570802,0.1601580994640084,-0.6761654911164048,0.6137040947980208,-0.24911051639453297,0.28564039371811834,-0.5088981301921163,0.1601580994640084
